iter	RMSE
0	57.09520597
75	43.73328522
150	40.77003963
225	39.4324665
300	38.56880688
375	37.97386847
450	37.4360996
499	37.0729978
